date,temp_mean,temp_max,temp_min,humid_mean,rain_sum,wind_mean,vpd_mean,vpd_max,lux_sum,night_temp_min,gdd,hot_hours,vpd_stress_hours,cool_night
2025-12-13,24.26095238095238,28.59,22.32333333333333,76.0747619047619,0.0,0.0,0.7467405714285714,1.365311,0.02,22.32333333333333,15.456666666666663,0,0,0
2025-12-14,26.721041666666665,33.9,21.36,70.77902777777778,0.0,0.0,1.1340281805555554,2.2586436666666665,746.7983333333333,21.36,17.63,0,4,1
2025-12-15,27.1375,33.056666666666665,22.16333333333333,65.76631944444445,2.0,0.0,1.3010071180555556,2.201474,750.5733333333334,22.16333333333333,17.61,0,5,0
2025-12-16,24.190977182539683,34.37,10.39,62.7750496031746,2.0,0.05258928571428573,1.2646575629960317,2.4588056666666667,786.0694047619048,10.39,12.379999999999999,0,6,1
2025-12-17,25.077390873015872,35.04,16.472857142857144,60.93602678571428,0.0,1.6420287698412699,1.3658105342261904,2.607696666666667,980.3647619047618,16.472857142857144,15.756428571428572,1,6,1
2025-12-18,25.980555555555554,31.843333333333334,21.62333333333333,70.22666666666667,0.0,1.8790972222222224,1.0716317291666666,1.9258736666666667,712.9466666666667,21.62333333333333,16.733333333333334,0,0,1
2025-12-19,26.161527777777778,35.01,20.136666666666667,68.37326388888889,0.0,1.1816666666666666,1.2540239791666667,2.717568333333334,741.2883333333333,20.136666666666667,17.57333333333333,1,7,1
2025-12-20,25.60375,35.04,18.383333333333333,67.46013888888889,0.0,1.2969444444444445,1.3174598055555555,2.912119,735.5033333333333,18.383333333333333,16.711666666666666,1,8,1
2025-12-21,24.683958333333333,35.31333333333333,16.326666666666668,66.53513888888888,0.0,1.1396527777777778,1.3255405,3.075149,757.3383333333334,16.326666666666668,15.82,3,8,1
2025-12-22,26.21020833333333,35.696666666666665,19.843333333333334,69.56090277777777,0.0,1.4594444444444443,1.2200432222222222,2.714669333333333,735.4733333333334,19.843333333333334,17.77,1,7,1
2025-12-23,26.960763888888888,36.06,19.78333333333333,69.7011111111111,0.0,0.5596527777777778,1.2827944791666666,2.817664333333333,681.1483333333333,19.78333333333333,17.921666666666667,4,8,1
2025-12-24,27.129930555555557,35.54666666666666,20.85,70.78131944444443,0.0,0.5243055555555556,1.203117076388889,2.669276333333334,553.2333333333333,20.936666666666667,18.19833333333333,2,5,1
2025-12-25,27.119027777777777,35.666666666666664,20.69,66.61868055555556,0.0,1.5834027777777777,1.432933347222222,3.0545760000000004,754.26,21.126666666666665,18.178333333333335,3,9,1
2025-12-26,27.08986111111111,31.876666666666665,23.25666666666667,66.15819444444445,0.0,1.9886805555555556,1.2375215555555557,1.9195473333333333,603.85,23.25666666666667,17.56666666666667,0,0,0
2025-12-27,26.451111111111107,33.31666666666666,20.426666666666662,65.86902777777777,0.0,1.9508333333333334,1.2851121597222221,2.335733333333333,740.0616666666667,20.72,16.871666666666663,0,6,1
2025-12-28,26.044236111111108,34.19,20.266666666666666,68.65680555555555,0.0,1.4041666666666668,1.215462611111111,2.468938,714.355,20.426666666666662,17.22833333333333,0,6,1
2025-12-29,25.811374999999998,35.169999999999995,19.066666666666663,66.87875,0.0,0.9347222222222222,1.3259399777777778,2.8939356666666662,739.4,19.75333333333333,17.11833333333333,2,8,1
2025-12-30,25.27633333333333,35.916666666666664,17.816666666666666,66.85569444444444,0.0,0.6240277777777777,1.3465569944444444,3.227579,733.6,17.89,16.866666666666667,2,8,1
2025-12-31,25.031805555555554,35.47666666666667,16.94,67.15805555555555,0.0,0.9233333333333333,1.309584388888889,3.0775963333333336,736.5666666666667,17.143333333333334,16.208333333333336,2,7,1
2026-01-01,25.19458333333333,35.75333333333333,17.77333333333333,68.03597222222223,0.0,0.6304166666666666,1.2972629861111111,3.131720333333333,720.3666666666667,18.21,16.76333333333333,3,8,1
2026-01-02,24.575,34.32333333333333,17.933333333333334,66.8848611111111,0.0,1.5563888888888888,1.2544363333333333,2.822324333333333,749.61,17.933333333333334,16.12833333333333,0,7,1
2026-01-03,23.840277777777775,32.443333333333335,17.873333333333335,67.69118055555556,0.0,1.38875,1.1230830208333333,2.3519896666666664,735.0566666666666,17.873333333333335,15.158333333333335,0,6,1
2026-01-04,23.16208333333333,32.78,16.676666666666666,67.48791666666666,0.0,1.4388888888888889,1.1329419166666665,2.553896,711.3366666666666,16.676666666666666,14.728333333333332,0,6,1
2026-01-05,24.21569444444444,35.080000000000005,16.136666666666667,66.61986111111112,0.0,1.1222222222222222,1.2779046111111112,2.990149,742.22,16.136666666666667,15.608333333333334,1,8,1
2026-01-06,24.740555555555556,33.51,17.613333333333333,67.28763888888888,0.0,1.772638888888889,1.1902005833333333,2.444412333333333,736.12,17.613333333333333,15.561666666666667,0,5,1
2026-01-07,25.16541666666667,31.42333333333333,20.31,61.130138888888894,0.0,2.5304166666666665,1.3007974722222222,2.20328,741.4666666666667,20.89333333333333,15.866666666666664,0,3,1
2026-01-08,22.829305555555553,29.19,17.146666666666665,61.80236111111111,0.0,2.4609722222222223,1.1146571527777778,1.886151666666667,736.3266666666666,17.146666666666665,13.168333333333333,0,0,1
2026-01-09,20.709305555555556,28.913333333333338,14.3,66.24513888888889,0.0,1.7791666666666668,0.9520853472222223,1.924095,740.5333333333333,14.373333333333331,11.60666666666667,0,0,1
2026-01-10,21.147291666666664,31.596666666666668,14.083333333333334,65.22118055555556,0.0,1.1099999999999999,1.1033496666666667,2.619016,737.88,14.216666666666669,12.84,0,6,1
2026-01-11,21.344583333333333,31.496666666666663,13.79,65.83930555555555,0.0,1.1870833333333333,1.0791197777777777,2.418204,730.8566666666667,13.79,12.64333333333333,0,5,1
2026-01-12,23.05861111111111,33.843333333333334,15.483333333333334,65.96138888888889,0.0,1.0540277777777778,1.1988739583333332,2.800228,732.8433333333332,15.483333333333334,14.663333333333334,0,7,1
2026-01-13,24.50583333333333,34.89333333333334,17.143333333333334,66.268125,0.0,0.7447222222222222,1.3032009513888887,2.9641686666666662,720.4466666666666,17.246666666666666,16.018333333333338,0,8,1
2026-01-14,24.642708333333335,33.550000000000004,17.290000000000003,68.43625,0.0,1.1820833333333334,1.1679219375,2.604937333333333,629.3566666666667,17.290000000000003,15.420000000000002,0,5,1
2026-01-15,26.040972222222223,36.775000000000006,18.38,69.38270833333333,0.0,0.9431249999999999,1.236800513888889,3.1744315,726.7816666666666,18.41333333333333,17.5775,3,6,1
2026-01-16,26.054444444444442,34.129999999999995,20.39,72.48104166666667,0.0,2.2860416666666667,1.0294164305555555,2.3215015,715.0866666666667,20.48,17.259999999999998,0,2,1
2026-01-17,26.684791666666666,33.696666666666665,21.636666666666667,72.71631944444444,0.0,2.134027777777778,1.0438250486111111,2.2241866666666668,703.3116666666667,22.26333333333333,17.666666666666664,0,2,0
2026-01-18,26.233305555555557,32.92,22.19,74.4993125,19.0,1.8339236111111112,0.9481745534722222,1.9454596666666664,610.5066666666667,22.396666666666665,17.555,0,0,0
2026-01-19,25.867277777777776,30.69333333333333,22.776666666666667,76.33152777777778,0.0,1.6755277777777777,0.829010175,1.5208009999999998,565.8679999999999,22.776666666666667,16.735,0,0,0
2026-01-20,29.45005116959064,35.37,22.57333333333333,67.77970029239766,0.0,0.489766081871345,1.5162622090643276,2.596361,1413.9028070175439,22.57333333333333,18.971666666666664,2,12,0
2026-01-21,30.439360380116963,35.2,20.825000000000003,63.09041301169591,0.0,0.9215350877192982,1.7787879978070176,2.9530483333333333,1380.8715789473683,20.825000000000003,18.012500000000003,2,14,1
2026-01-22,24.435069444444448,32.95333333333333,17.916666666666668,67.08277777777778,0.0,1.0736111111111113,1.2073359930555556,2.6353120000000003,673.7616666666667,17.916666666666668,15.435000000000002,0,7,1
2026-01-23,23.87986111111111,32.983333333333334,16.84,65.40694444444445,0.0,1.3063888888888888,1.2450724097222223,2.673924,734.2633333333333,16.84,14.911666666666669,0,7,1
2026-01-24,24.777048611111113,34.586666666666666,18.19333333333333,65.79288194444445,0.0,0.981875,1.2940535729166667,2.9355276666666668,665.495,18.19333333333333,16.39,0,8,1
2026-01-25,24.804444444444446,35.47666666666667,16.286666666666665,66.43034722222222,0.0,1.2909027777777777,1.3245826527777778,3.1861986666666664,721.6933333333334,16.65,15.881666666666668,2,7,1
2026-01-26,25.09152777777778,34.92333333333334,17.51,68.17944444444444,0.0,0.4786111111111111,1.238619861111111,2.964397333333333,672.8366666666667,17.566666666666666,16.21666666666667,0,6,1
2026-01-27,25.25763888888889,35.155,18.06,66.79819444444445,0.0,0.9334722222222221,1.3148403055555555,3.0358165,715.6366666666667,18.37,16.6075,2,8,1
2026-01-28,24.653750000000002,34.95,16.475,66.91347222222223,0.0,1.0652777777777778,1.2808370208333333,2.944469,718.2716666666666,17.085,15.712500000000002,0,8,1
2026-01-29,25.637534722222224,35.49,17.83,67.62972222222221,0.0,0.8973611111111112,1.2814426770833334,2.998981,728.7133333333333,18.066666666666663,16.66,1,6,1
2026-01-30,26.440833333333334,35.82333333333333,19.683333333333334,70.170625,0.0,1.5431944444444445,1.2007460208333334,3.062785,721.9416666666667,19.93,17.75333333333333,2,5,1
2026-01-31,27.14027777777778,36.44,21.175,71.04395833333334,0.0,0.9994444444444444,1.2120778402777777,3.051403333333333,668.6433333333333,21.46333333333333,18.807499999999997,3,5,1
2026-02-01,26.242291666666663,35.46,18.96666666666667,65.5929861111111,0.0,1.502361111111111,1.3979373541666666,3.0687945,730.2483333333333,18.96666666666667,17.213333333333335,1,8,1
2026-02-02,24.564930555555552,33.96,17.86,66.20614583333334,0.0,1.5412499999999998,1.2470708888888888,2.807601,692.5966666666667,17.86,15.91,0,7,1
2026-02-03,26.046805555555554,36.09,18.80666666666667,66.97319444444445,0.0,1.5144444444444443,1.3338564444444445,3.1166966666666664,736.3783333333333,18.82333333333333,17.448333333333338,2,7,1
2026-02-04,27.58486111111111,36.63,20.676666666666662,66.53743055555556,0.0,1.1222222222222222,1.4547071944444445,3.1404723333333333,722.5233333333333,20.676666666666662,18.653333333333332,4,8,1
2026-02-05,27.255798611111107,36.35,21.52,70.07697916666667,0.0,2.0080555555555555,1.2261422708333332,2.906553666666667,721.6558333333334,21.52,18.935000000000002,1,5,1
2026-02-06,26.449791666666666,32.35666666666666,21.493333333333336,73.53930555555556,0.0,2.9498611111111113,0.980785673611111,1.835748333333333,670.5,21.79,16.924999999999997,0,0,1
2026-02-07,26.684791666666666,32.724999999999994,21.22,72.57722222222222,0.0,2.381527777777778,1.0552786666666667,1.9098555,710.1466666666666,21.33,16.972499999999997,0,0,1
2026-02-08,26.625138888888888,34.37,22.535,74.70027777777777,0.0,0.4831944444444444,0.9467809444444445,2.173699,429.18333333333334,22.535,18.4525,0,1,0
2026-02-09,26.72423611111111,35.13999999999999,20.915,68.29013888888889,0.0,0.9488888888888889,1.2681091319444444,2.8550690000000003,648.9666666666667,20.915,18.027499999999996,1,6,1
2026-02-10,26.227500000000003,36.38,19.17,70.23631944444445,0.0,1.2744444444444445,1.215016576388889,3.0390915,722.9233333333333,19.32,17.775000000000002,3,5,1
2026-02-11,27.753854166666667,37.88,20.496666666666663,68.92086805555556,0.0,0.9197222222222222,1.4254166944444444,3.4389496666666663,717.0233333333333,20.496666666666663,19.188333333333333,6,8,1
2026-02-12,27.18274305555556,35.50666666666667,22.876666666666665,73.47399305555555,21.2,1.8966666666666665,1.0781281493055557,2.506473,642.7333333333333,22.876666666666665,19.191666666666666,1,4,0
2026-02-13,26.725347222222222,34.38666666666666,21.725,74.390625,0.0,1.5883333333333336,0.9789740972222223,2.233703,630.98,21.843333333333334,18.055833333333332,0,2,1
2026-02-14,27.626944444444444,34.43,23.343333333333334,74.41756944444444,0.0,1.4400000000000002,1.0155511875,2.1490823333333333,603.6,23.75333333333333,18.886666666666667,0,1,0
2026-02-15,28.093541666666667,35.79666666666667,23.416666666666668,73.60951388888888,0.0,1.795625,1.1042626319444444,2.5136553333333334,717.9016666666666,23.666666666666668,19.60666666666667,2,3,0
2026-02-16,28.466180555555557,36.07333333333333,23.94,74.0176736111111,0.2,1.3669097222222222,1.1093005347222222,2.5949066666666667,702.5341666666667,23.94,20.006666666666668,2,3,0
2026-02-17,27.50743224932249,36.39666666666667,24.35,73.67648712737127,7.0,3.6207689701897015,1.055841907181572,2.6654246666666666,843.0294308943089,24.35,20.373333333333335,2,3,0
2026-02-18,25.31926829268293,25.319268292682928,25.319268292682928,73.44756097560976,0.0,7.27780487804878,0.8877950975609755,0.8877950975609756,768.9658536585366,25.319268292682928,15.319268292682928,0,0,0
2026-02-19,29.085906165311656,38.635,23.473333333333333,65.75554369918699,0.0,3.846468495934959,1.5976752935298102,3.68951,951.7905284552845,23.473333333333333,21.054166666666667,5,8,0
2026-02-20,28.23923611111111,37.34333333333333,22.116666666666664,67.48388888888888,0.0,1.0856944444444443,1.5087984166666668,3.342546,772.7033333333334,22.535,19.729999999999997,6,8,0
2026-02-21,27.96423611111111,36.84,21.286666666666665,70.49166666666666,0.0,2.9249305555555556,1.2455884791666667,3.1306380000000003,735.6766666666667,21.69333333333333,19.063333333333333,1,5,1
2026-02-22,27.702361111111113,32.46,23.84,73.88048611111111,0.0,2.5875,1.0303029652777778,1.7620205,691.5533333333333,23.91,18.15,0,0,0
2026-02-23,28.121875,33.696666666666665,23.606666666666666,73.82611111111112,0.0,2.0311805555555558,1.0782522430555554,1.9341915,710.525,23.78333333333333,18.651666666666664,0,0,0
2026-02-24,28.48,33.32,24.24666666666667,73.47423611111111,0.0,2.4709027777777774,1.0863941805555555,1.8614146666666669,727.3866666666667,24.44,18.783333333333335,0,0,0
2026-02-25,28.33576388888889,34.364999999999995,23.736666666666668,72.39166666666667,4.2,1.7609722222222224,1.1299720763888887,2.0378730000000003,663.11,23.766666666666666,19.05083333333333,0,1,0
2026-02-26,28.442083333333333,33.550000000000004,24.55333333333333,72.69236111111111,0.0,2.688333333333333,1.1176389444444446,1.973717,792.0033333333333,24.74,19.05166666666667,0,0,0
2026-02-27,26.603694444444443,31.1,23.215000000000003,76.45754166666667,6.0,1.1960555555555554,0.8522721125,1.4690113333333332,543.6783333333333,23.313333333333333,17.157500000000002,0,0,0
2026-02-28,27.66416666666667,35.375,23.3,74.41902777777777,0.0,1.465,1.0204574791666667,2.1906195,596.0016666666667,23.3,19.3375,1,1,0
2026-03-01,27.14817361111111,33.49,22.905,74.08772222222223,0.4,1.3438541666666666,1.011011326388889,2.1639225,585.6533333333333,22.905,18.1975,0,2,0
2026-03-02,27.858493055555556,34.5975,20.78,72.51414583333333,0.0,2.165013888888889,1.1573238652777778,2.17244625,726.155,20.78,17.68875,0,5,1
2026-03-03,28.498680555555556,35.09666666666667,22.82,73.09054861111112,0.0,1.8321874999999999,1.153897925,2.218706,767.3578333333334,22.896,18.958333333333336,1,4,0
2026-03-04,28.287347222222223,36.29,23.42,72.70886111111112,0.0,1.788625,1.1648730770833333,2.61659975,765.2408333333334,23.508,19.855,1,4,0
2026-03-05,27.435055555555554,33.989999999999995,22.62,72.84924305555556,0.0,2.1789791666666667,1.09188455625,2.0913845,688.5126666666666,22.62,18.305,0,4,0
2026-03-06,27.127909722222224,37.595,22.355,71.94710416666668,0.0,1.3938194444444445,1.148122138888889,2.962028,702.802,22.355,19.975,3,5,0
2026-03-07,28.217208333333332,37.4875,21.14,69.18042361111111,0.0,0.8823958333333334,1.4004415506944445,3.146434,736.7745,21.14,19.31375,5,8,1
2026-03-08,28.931402777777777,37.97666666666667,22.790000000000003,68.52091666666666,0.0,0.7253472222222221,1.4794016583333331,3.5817195,695.675,22.811666666666667,20.383333333333333,5,8,0
2026-03-09,28.45548611111111,38.56,22.148333333333337,69.25375,0.0,0.4990277777777778,1.4235319027777777,3.5646035,685.8533333333334,22.365,20.35416666666667,5,8,0
2026-03-10,28.41173611111111,36.75833333333333,22.205,68.24541666666666,0.0,1.3477777777777777,1.4235029930555554,3.0107730000000004,727.245,22.291666666666668,19.481666666666666,5,7,0
2026-03-11,28.45745833333333,36.986666666666665,23.613333333333333,67.29061111111112,0.0,1.5066805555555556,1.4270898277777777,3.157956,684.312,23.613333333333333,20.299999999999997,3,6,0
2026-03-12,27.732986111111106,34.115,23.45833333333333,70.81277777777778,0.0,0.7399305555555555,1.1747951527777778,2.3082146666666667,592.62,23.45833333333333,18.786666666666665,0,3,0
2026-03-13,26.702569444444446,34.00333333333334,21.936666666666667,67.40708333333333,0.0,2.087708333333333,1.2634567222222222,2.4730486666666667,684.72,21.936666666666667,17.970000000000002,0,5,1
2026-03-14,27.39859722222222,36.321666666666665,20.683333333333334,67.48647222222222,0.0,1.0439583333333333,1.3985387847222224,3.0593836666666667,710.4866666666667,20.683333333333334,18.502499999999998,3,8,1
2026-03-15,28.327986111111112,37.70166666666666,21.71666666666667,67.09506944444445,0.0,0.9950694444444443,1.5226372291666668,3.4502875,788.01,21.71666666666667,19.709166666666665,5,8,1
2026-03-16,27.69628125,37.59166666666667,22.22,70.74283333333334,1.4,2.063552083333333,1.2781417059027778,3.380739833333333,790.9423333333334,22.22,19.905833333333334,4,5,0
2026-03-17,27.128174603174603,33.755,22.001666666666665,72.7636011904762,0.2,2.419920634920635,1.0647479990079365,2.137706833333333,760.955,22.19,17.878333333333334,0,1,0
2026-03-18,27.574277777777777,34.623333333333335,24.086,73.94675,0.0,1.956013888888889,1.0372086486111112,2.2512038333333333,607.5366666666666,24.086,19.354666666666667,0,2,0
2026-03-19,28.29513888888889,33.75666666666667,24.01333333333333,72.00888888888889,0.0,2.8125,1.1548692916666667,2.028286,735.5233333333333,24.01333333333333,18.884999999999998,0,2,0
2026-03-20,27.775208333333335,33.843333333333334,23.76833333333333,72.96416666666667,0.0,2.4452083333333334,1.0746573888888888,2.062768333333333,655.5766666666667,23.76833333333333,18.805833333333332,0,1,0
2026-03-21,27.52917906746032,36.373333333333335,23.343333333333334,74.70218501984127,1.0,1.1899950396825396,1.0197340300099207,2.6151981666666666,674.0076785714285,23.48,19.858333333333334,2,2,0
2026-03-22,27.155019841269837,32.718333333333334,23.41,74.94566468253969,0.4,2.4400099206349206,0.9610865327380952,1.6938466666666667,678.9995238095238,23.41,18.064166666666665,0,0,0
2026-03-23,28.73397222222222,33.55833333333334,23.765,72.40373611111112,0.0,3.1676249999999997,1.1538743652777776,1.9125025,768.0316666666666,23.765,18.66166666666667,0,0,0
2026-03-24,28.642916666666665,33.01166666666666,24.62,73.21451388888889,0.0,3.481666666666667,1.1007623541666667,1.754647,750.6733333333333,24.62,18.81583333333333,0,0,0
2026-03-25,28.939375,33.946666666666665,23.3,71.98,0.0,2.9168749999999997,1.1967664583333333,2.0266101666666665,759.0783333333334,23.42333333333333,18.623333333333335,0,2,0
2026-03-26,29.074069444444444,34.325,23.7175,72.21054861111111,0.0,2.909972222222222,1.1950809465277779,2.06360975,732.8833333333333,23.7175,19.021250000000002,0,1,0
2026-03-27,28.77808333333333,33.494,24.236,73.07148611111111,0.0,2.9153055555555554,1.1314143069444444,1.8652378,823.8506666666667,24.295,18.865000000000002,0,0,0
2026-03-28,28.283458333333332,34.56,23.723333333333333,72.81766666666667,0.0,3.143111111111111,1.1142590833333335,2.144718,759.595,23.723333333333333,19.141666666666666,0,1,0
2026-03-29,28.389722222222222,34.945,22.75,70.96738888888889,0.0,3.120041666666667,1.2231054152777776,2.2936986666666663,816.8305,23.028333333333336,18.8475,0,4,0
2026-03-30,28.314555555555554,34.44833333333333,23.708,71.58584027777778,0.0,2.737847222222222,1.1872668888888889,2.199136166666667,823.7925,23.822,19.078166666666664,0,1,0
2026-03-31,28.306993055555555,34.858000000000004,22.6975,70.01999305555556,0.0,2.2796180555555554,1.2864832277777778,2.5105162,829.1918333333333,22.6975,18.777750000000005,0,8,0
2026-04-01,28.39554861111111,34.70333333333333,22.512,71.32034027777777,0.0,2.67075,1.221005376388889,2.192334666666667,791.0741666666667,22.512,18.607666666666667,0,5,0
2026-04-02,28.92770833333333,36.86333333333334,22.993333333333336,70.86694444444444,0.0,3.047916666666667,1.2825407777777778,2.694756,779.63,22.993333333333336,19.928333333333335,3,5,0
2026-04-03,28.811833333333336,33.78666666666667,24.115,71.71972222222222,0.0,3.5941944444444442,1.1923369138888888,1.9897403333333332,814.75,24.115,18.950833333333335,0,0,0
2026-04-04,29.065069444444443,34.435,24.99833333333333,71.58777777777777,0.0,3.207222222222222,1.2279118125,2.170246833333333,829.4566666666666,25.013333333333332,19.71666666666667,0,3,0
2026-04-05,28.78,34.855,23.78,71.64444444444445,0.0,2.950208333333333,1.23361325,2.2632041666666667,816.1466666666666,23.78,19.3175,0,6,0
2026-04-06,28.532194444444443,34.52166666666667,23.501666666666665,71.47673611111111,0.2,3.3584722222222223,1.2262955055555556,2.246875333333333,823.6316666666667,23.501666666666665,19.011666666666667,0,6,0
2026-04-07,28.307321428571427,34.705,22.38,71.29969246031746,0.2,3.127986111111111,1.2348569751984126,2.260178833333333,826.1490476190476,22.38,18.542499999999997,0,6,0
2026-04-08,28.75173611111111,35.04833333333333,22.111666666666665,70.61659722222223,0.0,3.1968055555555552,1.2867782916666666,2.315059,833.465,22.111666666666665,18.58,2,7,0
2026-04-09,28.442708333333332,34.60166666666667,23.058333333333334,70.68029166666666,0.0,3.151875,1.2490809930555555,2.226815,750.5550000000001,23.058333333333334,18.83,0,5,0
2026-04-10,28.46926388888889,35.005,21.315,70.78325,0.0,3.0527777777777776,1.263382025,2.2843131666666667,813.3303333333333,21.315,18.160000000000004,1,6,1
2026-04-11,28.646180555555556,35.475,22.91333333333333,69.63576388888889,0.0,2.974513888888889,1.3372582083333333,2.6382995,835.1633333333333,22.91333333333333,19.194166666666668,1,8,0
2026-04-12,28.25697222222222,35.32833333333333,21.32333333333333,71.23119444444444,0.0,2.676972222222222,1.2388167472222222,2.399385333333333,770.6666666666666,21.32333333333333,18.325833333333332,2,5,1
2026-04-13,29.33406944444444,34.76833333333333,24.255,71.7880138888889,0.0,3.466041666666667,1.2463886638888888,2.1535611666666665,814.6916666666667,24.255,19.511666666666663,0,5,0
2026-04-14,29.707652777777778,35.715999999999994,24.114,71.39977083333333,0.0,3.3205069444444444,1.2975015569444444,2.3680698,830.8508333333334,24.114,19.915,4,5,0
2026-04-15,29.48710416666667,34.755,24.506,71.92116666666666,0.0,3.5151388888888886,1.2430935902777778,2.110023,814.9956666666667,24.506,19.6305,0,4,0
2026-04-16,29.940020833333335,36.39,24.415,69.90518055555556,0.0,2.5342569444444445,1.3940159791666666,2.5642824,773.1981666666667,24.415,20.4025,5,8,0
2026-04-17,29.630666666666666,35.38833333333333,24.77833333333333,70.04222222222222,0.0,2.8029166666666665,1.3398454958333332,2.353008833333333,804.7633333333333,24.77833333333333,20.08333333333333,3,7,0
2026-04-18,29.188,36.285,23.53333333333333,69.7645,0.0,1.98825,1.353067422222222,2.5967161666666665,819.7216666666667,23.53333333333333,19.909166666666664,3,8,0
2026-04-19,29.543125,35.17166666666667,24.495,69.52229166666667,0.0,2.8119444444444444,1.37007525,2.546710833333333,767.2033333333333,24.495,19.833333333333336,2,7,0
2026-04-20,27.861895833333335,34.005,24.80333333333333,74.1293888888889,0.6000000000000001,1.3535555555555556,1.0194534333333334,2.0223055,480.796,24.80333333333333,19.40416666666667,0,1,0
2026-04-21,28.8335,34.70333333333333,24.708,72.83534722222223,0.0,2.1178055555555555,1.167601063888889,2.2054276666666666,755.078,24.708,19.705666666666666,0,4,0
2026-04-22,29.777083333333334,34.666666666666664,25.683333333333334,71.265,0.0,3.0418055555555554,1.2745148819444443,2.1167160000000003,710.7616666666667,25.683333333333334,20.174999999999997,0,2,0
2026-04-23,29.43958333333333,33.135,26.093333333333334,72.34449652777778,0.6000000000000001,3.543958333333333,1.1766932847222222,1.7934461666666666,637.095,26.093333333333334,19.614166666666666,0,0,0
2026-04-24,29.562944444444444,36.330000000000005,24.705,70.33220833333333,0.0,2.6993333333333336,1.3307489361111111,2.4997666666666665,764.7303333333333,24.705,20.517500000000002,2,7,0
2026-04-25,29.599652777777777,37.42333333333334,24.488333333333333,71.87930555555556,0.0,1.7755555555555553,1.2905719930555557,2.8984648333333336,774.4066666666668,24.488333333333333,20.955833333333338,5,6,0
2026-04-26,29.506180555555556,36.11833333333333,25.501666666666665,72.76102777777778,0.0,1.7266805555555556,1.2021524680555555,2.492316,679.1233333333333,25.501666666666665,20.81,1,3,0
2026-04-27,29.547875,36.1825,25.2575,71.55836805555556,0.0,2.1819583333333337,1.2666686118055555,2.53485375,672.085,25.36,20.72,2,3,0
2026-04-28,29.339854166666665,34.526,25.17,71.34725,0.0,2.1570208333333336,1.2512418194444443,2.222767,651.2601666666667,25.17,19.848000000000003,0,3,0
2026-04-29,29.426402777777778,35.646,24.5875,70.75397916666667,0.0,2.0538333333333334,1.2961231013888888,2.4006540000000003,643.6485,24.5875,20.11675,2,4,0
2026-04-30,27.951623015873015,38.60333333333333,23.926666666666662,73.7927619047619,0.8,0.8605853174603175,1.1230160898809525,3.044127833333333,550.5557142857143,24.481666666666666,21.264999999999997,4,5,0
2026-05-01,28.34328373015873,35.47666666666667,24.07166666666667,73.03357804232805,2.2,1.5871792328042327,1.1245159398148148,2.298998833333333,565.5072222222223,24.07166666666667,19.774166666666666,2,2,0
2026-05-02,29.381479166666665,35.44833333333333,24.605,71.74348611111111,0.0,2.2005208333333335,1.2397079895833334,2.2378158333333333,723.5341666666667,24.605,20.026666666666664,2,4,0
2026-05-03,28.668645833333333,34.87,25.05666666666667,73.36878472222223,0.6000000000000001,2.0564930555555554,1.1416502065972223,2.134249333333333,785.5762500000001,25.05666666666667,19.96333333333333,0,6,0
2026-05-04,28.113131944444444,36.54,24.20625,74.33697371031747,2.0,0.5929345238095237,1.0462020943948411,2.443068833333333,489.4443333333333,24.20625,20.373125,2,2,0
2026-05-05,28.304134920634922,35.03,24.30666666666667,73.65507936507937,0.4,1.0079484126984128,1.0776010634920634,2.0997505,585.4850952380953,24.30666666666667,19.668333333333337,1,2,0
2026-05-06,29.19541666666667,38.45,25.565,73.30340277777778,0.0,0.8303472222222222,1.1875141319444444,2.970011166666667,591.0183333333333,25.565,22.0075,4,4,0
2026-05-07,27.12838888888889,35.71,24.75,76.4253134920635,1.4,0.7071527777777779,0.8916635930555555,2.180898833333333,400.6954761904762,24.75,20.23,1,2,0
2026-05-08,27.06596626984127,34.60166666666667,24.99833333333333,75.80963293650794,0.4,0.5334424603174602,0.8974562400793652,1.9115456666666668,398.0674285714286,24.99833333333333,19.799999999999997,0,0,0
2026-05-09,29.488444444444443,37.795,24.29833333333333,71.12661111111112,0.0,1.2170833333333333,1.3192436708333333,2.850425833333333,689.985,24.29833333333333,21.046666666666667,4,5,0
2026-05-10,28.462858796296292,37.445,24.566666666666663,73.28149305555556,3.6,1.2913252314814816,1.134803898148148,2.708822,600.7008333333333,24.566666666666663,21.00583333333333,4,4,0
2026-05-11,28.93406746031746,37.11833333333333,24.12333333333333,72.07035714285715,0.4,1.6008531746031747,1.2378742172619048,2.8129988333333333,805.1216666666667,24.12333333333333,20.62083333333333,4,5,0
2026-05-12,27.055575396825393,30.46666666666667,25.10833333333333,76.97313492063492,0.6000000000000001,0.478968253968254,0.8277278601190475,1.163584333333333,362.41190476190474,25.10833333333333,17.7875,0,0,0
2026-05-13,28.84704216269841,34.67333333333334,25.513333333333332,73.25266021825396,1.4000000000000001,1.5469444444444445,1.1203692575892858,2.028635,601.4054761904762,25.513333333333332,20.093333333333334,0,1,0
2026-05-14,29.19138888888889,34.215,25.035,72.84899305555555,1.4,1.833784722222222,1.1551237413194444,2.002870333333333,748.7216666666667,25.035,19.625,0,1,0
2026-05-15,29.689136904761906,33.825714285714284,26.361666666666665,72.72599206349206,4.4,3.177123015873016,1.1786056359126984,1.9304342857142855,758.3219047619048,26.361666666666665,20.093690476190474,0,0,0
2026-05-16,29.59703373015873,34.251666666666665,26.33833333333333,73.05192460317461,0.6000000000000001,2.889920634920635,1.1489225198412698,1.9356236666666664,606.0500000000001,26.33833333333333,20.294999999999998,0,0,0
2026-05-17,29.895124999999997,33.95166666666667,26.26,72.18109722222222,0.0,3.778708333333333,1.2019134861111112,1.9025761666666667,611.904,26.26,20.105833333333337,0,0,0
2026-05-18,28.452817460317462,32.223333333333336,26.245,76.13675595238095,1.6,1.665704365079365,0.9377131750496032,1.5533866666666667,522.21375,26.245,19.234166666666667,0,0,0
2026-05-19,27.64471611952862,31.093333333333334,25.23,76.53375444925446,25.799999999999997,1.2107904791967292,0.8783411986081049,1.337848,412.0940793650794,25.23,18.16166666666667,0,0,0
2026-05-20,28.941111111111113,32.705000000000005,26.311666666666667,73.97743055555556,0.4,2.7394444444444446,1.0662115555555556,1.6641450000000002,677.9966666666667,26.311666666666667,19.508333333333336,0,0,0
2026-05-21,27.792393353174603,31.83833333333333,25.921666666666667,76.6852757936508,1.2000000000000002,1.0275674603174603,0.8803315044642858,1.364483,517.3345833333334,25.921666666666667,18.88,0,0,0
2026-05-22,28.964851190476192,32.80166666666667,26.40833333333333,74.66035714285714,0.6000000000000001,2.255496031746032,1.0331573621031747,1.5607198333333334,612.177619047619,26.40833333333333,19.605,0,0,0
2026-05-23,29.299305555555552,33.85666666666666,25.69833333333333,73.17373015873015,0.8,2.691656746031746,1.1395530297619048,1.8953591666666665,792.59,25.69833333333333,19.777499999999996,0,0,0
2026-05-24,28.735867424242425,33.995,25.888333333333332,74.47042171717172,19.200000000000003,1.5855071548821549,1.0416990052188553,1.975169333333333,540.5609898989899,25.888333333333332,19.941666666666663,0,0,0
2026-05-25,29.446631944444444,34.30166666666667,25.23,72.40305555555555,0.4,3.0231597222222226,1.1883797135416667,1.9687553333333327,781.7133333333334,25.23,19.765833333333333,0,0,0
2026-05-26,29.292900297619045,33.20166666666666,25.86,73.41723611111111,1.8,2.4199479166666666,1.1233726124007937,1.7218796666666665,789.2520833333333,25.86,19.53083333333333,0,0,0
2026-05-27,28.99705555555555,33.68833333333333,25.39333333333333,73.10709722222222,0.0,2.422013888888889,1.1302310208333333,1.9036618333333333,712.897,25.39333333333333,19.54083333333333,0,0,0
2026-05-28,28.31309325396825,32.995,24.938333333333333,75.40547222222223,0.8,0.9031944444444444,0.9734563662698412,1.700823,404.76214285714286,24.938333333333333,18.966666666666665,0,0,0
2026-05-29,29.979430555555556,35.63,26.203333333333333,72.25413888888889,0.0,2.0247916666666668,1.2330588958333333,2.1653860000000003,727.553,26.203333333333333,20.916666666666668,2,2,0
2026-05-30,27.533112599206348,34.818333333333335,24.224285714285717,74.85507936507936,0.6000000000000001,1.3912599206349208,0.9706108417658731,2.1228495,492.1902976190476,24.445000000000004,19.521309523809528,0,2,0
2026-05-31,27.843988095238092,33.43333333333333,24.42333333333333,74.53500992063492,0.6000000000000001,0.7474503968253968,0.9893741845238094,1.6731373333333333,526.535,24.42333333333333,18.928333333333327,0,0,0
2026-06-01,28.188432539682537,34.63833333333333,25.070000000000004,74.15896825396825,0.2,1.899503968253968,1.039470449404762,2.0182561666666667,695.5642857142857,25.070000000000004,19.854166666666664,0,1,0
2026-06-02,28.788789682539683,34.346666666666664,25.17333333333333,73.61089285714286,0.2,2.0259920634920636,1.084763913690476,1.854724,679.277619047619,25.17333333333333,19.759999999999998,0,0,0
2026-06-03,28.55701388888889,33.085,25.013333333333332,74.26305555555557,0.2,2.7469444444444444,1.03294925,1.6384328333333331,657.5666666666667,25.013333333333332,19.049166666666665,0,0,0
2026-06-04,27.88678571428571,32.29833333333333,25.412857142857145,75.36874454365079,5.6000000000000005,3.11247123015873,0.9446759665178571,1.5908531666666663,555.7140476190476,25.412857142857145,18.85559523809524,0,0,0
2026-06-05,29.332157738095237,32.086666666666666,26.33833333333333,72.72863095238095,1.2000000000000002,5.131490575396826,1.122656548611111,1.5128636666666668,537.416488095238,26.33833333333333,19.2125,0,0,0
2026-06-06,28.785090112433863,31.933333333333334,26.58142857142857,75.3081927910053,4.0,3.53874503968254,0.9883357649636243,1.4903450000000005,542.6633333333334,26.58142857142857,19.257380952380952,0,0,0
2026-06-07,28.308887235449735,30.743333333333336,26.668333333333337,76.68879794973545,9.4,2.4261127645502643,0.8999653244874338,1.3303901666666669,265.83936507936505,26.668333333333337,18.705833333333338,0,0,0
2026-06-08,28.791288194444444,31.61,26.346666666666664,75.9174191468254,3.0,3.7150039682539684,0.9639943187500001,1.3479558333333337,521.1553809523809,26.346666666666664,18.97833333333333,0,0,0
2026-06-09,28.56391121031746,31.48,26.471666666666664,76.51217509920635,0.8,2.843058035714286,0.9250519995039683,1.3110493333333333,407.40904761904767,26.471666666666664,18.975833333333334,0,0,0
2026-06-10,28.131708333333332,32.78666666666667,24.991666666666664,76.15106944444445,0.0,2.783583333333333,0.9348090694444444,1.6624383333333332,545.929,24.991666666666664,18.889166666666668,0,0,0
2026-06-11,28.437622354497353,33.43666666666667,24.576666666666668,73.8798082010582,1.8,2.4726620370370367,1.061433830357143,1.7652155,681.16,24.576666666666668,19.006666666666668,0,0,0
2026-06-12,28.457444444444445,35.75333333333334,24.24833333333333,73.33948611111111,0.0,1.9114583333333333,1.1131103611111113,2.3390245000000003,731.925,24.24833333333333,20.000833333333333,2,3,0
2026-06-13,29.158343253968255,34.55833333333334,25.82333333333333,73.17649801587301,0.2,2.015625,1.143085857142857,2.07276,751.522380952381,25.82333333333333,20.190833333333334,0,1,0
2026-06-14,29.336180555555554,35.43833333333333,25.336666666666662,73.21520833333334,0.0,1.9910416666666666,1.1607991527777777,2.2105011666666665,716.06,25.336666666666662,20.387499999999996,1,3,0
2026-06-15,25.755865079365076,30.14,24.23333333333333,77.93255555555555,2.4,1.2063492063492063,0.7371108587301587,1.19748,170.0838888888889,24.23333333333333,17.186666666666667,0,0,0
